tag,AUROC,PR-AUC,FPR@TPR=95%,ECE
val_before_ep1,0.9925287261395482,0.995957027448071,0.03379416282642089,0.3620244663132503
test_ep1_zeroshot,0.993706952083643,0.9966018278533385,0.02867383512544803,0.3607137994320955
test_ep1_adapted,0.9999493997313729,0.999974062473222,0.0005120327700972862,0.32855638042035895
test_ep2_zeroshot,0.9999493997313729,0.999974062473222,0.0005120327700972862,0.32855638042035895
test_ep2_adapted,0.99993183383501,0.9999651479398602,0.0005120327700972862,0.3348018494184299
test_ep3_zeroshot,0.99993183383501,0.9999651479398602,0.0005120327700972862,0.3348018494184299
test_ep3_adapted,0.9999601490112366,0.9999800305578187,0.0,0.3316552143729619
test_ep4_zeroshot,0.9999601490112366,0.9999800305578187,0.0,0.3316552143729619
test_ep4_adapted,0.9999192493122427,0.9999600803131394,0.0,0.3356109329240684
