label_fraction,train_samples,known_accuracy,known_precision,known_recall,known_f1,unknown_fgsm_accuracy,unknown_fgsm_precision,unknown_fgsm_recall,unknown_fgsm_f1,unknown_pgd_accuracy,unknown_pgd_precision,unknown_pgd_recall,unknown_pgd_f1
0.1,1814,0.501365587202497,0.5006921099466086,0.9879047990635973,0.6645669291338583,0.4920015606710886,0.49590736673986824,0.9691767460007803,0.6561014263074485,0.5011705033164261,0.5005933544303798,0.9875146312914553,0.6643916524478278
0.25,4537,0.7434646898166212,0.7267441860465116,0.7803355442840422,0.7525870178739417,0.5848614904408895,0.6121712222795255,0.463129145532579,0.5273211905819636,0.7122512680452595,0.7098765432098766,0.7179087007413187,0.7138700290979632
0.5,9074,0.7758486149044089,0.7803330689928628,0.7678501755754975,0.7740412979351032,0.6149044088958252,0.6735415439010017,0.44596176355833006,0.5366197183098591,0.7087397580959812,0.7456382001836547,0.6336324619586422,0.6850875342754693
1.0,18148,0.5269215762777995,0.5139000805801772,0.9953179867342957,0.6778264912979939,0.5,0.5,0.9414748341786968,0.6531330355934497,0.5122902848224736,0.5064430353855595,0.9660554038236442,0.6645195920558239
